{
	"partitions" : [
		{
			"name" : "Top",
			"pins" : [
				{
					"name" : "debug_pc[0]",
					"strict" : false
				},
				{
					"name" : "debug_pc[1]",
					"strict" : false
				},
				{
					"name" : "debug_pc[2]",
					"strict" : false
				},
				{
					"name" : "debug_pc[3]",
					"strict" : false
				},
				{
					"name" : "debug_pc[4]",
					"strict" : false
				},
				{
					"name" : "debug_pc[5]",
					"strict" : false
				},
				{
					"name" : "debug_pc[6]",
					"strict" : false
				},
				{
					"name" : "debug_pc[7]",
					"strict" : false
				},
				{
					"name" : "debug_pc[8]",
					"strict" : false
				},
				{
					"name" : "debug_pc[9]",
					"strict" : false
				},
				{
					"name" : "debug_pc[10]",
					"strict" : false
				},
				{
					"name" : "debug_pc[11]",
					"strict" : false
				},
				{
					"name" : "debug_pc[12]",
					"strict" : false
				},
				{
					"name" : "debug_pc[13]",
					"strict" : false
				},
				{
					"name" : "debug_pc[14]",
					"strict" : false
				},
				{
					"name" : "debug_pc[15]",
					"strict" : false
				},
				{
					"name" : "debug_pc[16]",
					"strict" : false
				},
				{
					"name" : "debug_pc[17]",
					"strict" : false
				},
				{
					"name" : "debug_pc[18]",
					"strict" : false
				},
				{
					"name" : "debug_pc[19]",
					"strict" : false
				},
				{
					"name" : "debug_pc[20]",
					"strict" : false
				},
				{
					"name" : "debug_pc[21]",
					"strict" : false
				},
				{
					"name" : "debug_pc[22]",
					"strict" : false
				},
				{
					"name" : "debug_pc[23]",
					"strict" : false
				},
				{
					"name" : "debug_pc[24]",
					"strict" : false
				},
				{
					"name" : "debug_pc[25]",
					"strict" : false
				},
				{
					"name" : "debug_pc[26]",
					"strict" : false
				},
				{
					"name" : "debug_pc[27]",
					"strict" : false
				},
				{
					"name" : "debug_pc[28]",
					"strict" : false
				},
				{
					"name" : "debug_pc[29]",
					"strict" : false
				},
				{
					"name" : "debug_pc[30]",
					"strict" : false
				},
				{
					"name" : "debug_pc[31]",
					"strict" : false
				},
				{
					"name" : "debug_instruction[0]",
					"strict" : false
				},
				{
					"name" : "debug_instruction[1]",
					"strict" : false
				},
				{
					"name" : "debug_instruction[4]",
					"strict" : false
				},
				{
					"name" : "debug_instruction[5]",
					"strict" : false
				},
				{
					"name" : "debug_instruction[6]",
					"strict" : false
				},
				{
					"name" : "debug_instruction[7]",
					"strict" : false
				},
				{
					"name" : "debug_instruction[8]",
					"strict" : false
				},
				{
					"name" : "debug_instruction[9]",
					"strict" : false
				},
				{
					"name" : "debug_instruction[10]",
					"strict" : false
				},
				{
					"name" : "debug_instruction[11]",
					"strict" : false
				},
				{
					"name" : "debug_instruction[12]",
					"strict" : false
				},
				{
					"name" : "debug_instruction[13]",
					"strict" : false
				},
				{
					"name" : "debug_instruction[14]",
					"strict" : false
				},
				{
					"name" : "debug_instruction[15]",
					"strict" : false
				},
				{
					"name" : "debug_instruction[16]",
					"strict" : false
				},
				{
					"name" : "debug_instruction[17]",
					"strict" : false
				},
				{
					"name" : "debug_instruction[20]",
					"strict" : false
				},
				{
					"name" : "debug_instruction[21]",
					"strict" : false
				},
				{
					"name" : "debug_instruction[22]",
					"strict" : false
				},
				{
					"name" : "debug_instruction[23]",
					"strict" : false
				},
				{
					"name" : "debug_instruction[24]",
					"strict" : false
				},
				{
					"name" : "debug_instruction[25]",
					"strict" : false
				},
				{
					"name" : "debug_instruction[26]",
					"strict" : false
				},
				{
					"name" : "debug_instruction[27]",
					"strict" : false
				},
				{
					"name" : "debug_instruction[28]",
					"strict" : false
				},
				{
					"name" : "debug_instruction[29]",
					"strict" : false
				},
				{
					"name" : "debug_instruction[30]",
					"strict" : false
				},
				{
					"name" : "debug_instruction[31]",
					"strict" : false
				},
				{
					"name" : "clk",
					"strict" : false
				},
				{
					"name" : "reset",
					"strict" : false
				}
			]
		}
	]
}